product_id,product_name,category,price
101,Laptop,Electronics,55000
102,Phone,Electronics,25000
103,Shoes,Fashion,3000
104,Watch,Fashion,5000
105,Tablet,Electronics,30000
106,T-Shirt,Fashion,1200
107,Headphones,Electronics,4000
108,Bag,Fashion,2500
109,Keyboard,Electronics,1800
110,Mouse,Electronics,900
